/* USE OnHold;
GO
INSERT INTO ZipCodes VALUES ('07071', 'Lyndhurst', 'NJ')
INSERT INTO ZipCodes VALUES ('33143', 'Miami', 'FL')
INSERT INTO ZipCodes VALUES ('48075', 'Southfield', 'MI')
INSERT INTO ZipCodes VALUES ('48226', 'Detroit', 'MI')
INSERT INTO ZipCodes VALUES ('48302', 'Bloomfield Township', 'MI')
INSERT INTO ZipCodes VALUES ('48607', 'Saginaw', 'MI')
INSERT INTO ZipCodes VALUES ('49242', 'Cambria', 'MI')
INSERT INTO ZipCodes VALUES ('49503', 'Grand Rapids', 'MI')
INSERT INTO ZipCodes VALUES ('60601', 'Chicago', 'IN')
INSERT INTO ZipCodes VALUES ('71601', 'Pine Bluff', 'AR')
INSERT INTO ZipCodes VALUES ('75670', 'Marshall', 'TX')
INSERT INTO ZipCodes VALUES ('95110', 'San Jose', 'CA')

INSERT INTO Departments VALUES (1, 'Salt Line')
INSERT INTO Departments VALUES (2, 'Atmosphere')
INSERT INTO Departments VALUES (3, 'Vacuum')
INSERT INTO Departments VALUES (4, 'Blast')
INSERT INTO Departments VALUES (5, 'Maintenance')
INSERT INTO Departments VALUES (6, 'Quality')
INSERT INTO Departments VALUES (7, 'Shipping/Receiving')
INSERT INTO Departments VALUES (8, 'Executive')

INSERT INTO Jobs VALUES (1, 'Equipment Operator')
INSERT INTO Jobs VALUES (2, 'Department Leader')
INSERT INTO Jobs VALUES (3, 'Quality Technician')
INSERT INTO Jobs VALUES (4, 'Maintenance Technician')
INSERT INTO Jobs VALUES (5, 'Receiving Clerk')
INSERT INTO Jobs VALUES (6, 'Vice President')

INSERT INTO Dispositions VALUES (401, 'Rework')
INSERT INTO Dispositions VALUES (402, 'Resume Process')
INSERT INTO Dispositions VALUES (403, 'Return for Repair')
INSERT INTO Dispositions VALUES (404, 'Return- No Work Done')
INSERT INTO Dispositions VALUES (405, 'Scrap')
INSERT INTO Dispositions VALUES (406, 'Other')

INSERT INTO HoldReasons VALUES (301, 'Missing Paperwork')
INSERT INTO HoldReasons VALUES (302, 'Incorrect Hardness')
INSERT INTO HoldReasons VALUES (303, 'Damage')
INSERT INTO HoldReasons VALUES (304, 'Process Deviation')
INSERT INTO HoldReasons VALUES (305, 'No Process On File')
INSERT INTO HoldReasons VALUES (306, 'Other')

INSERT INTO Customers VALUES (201, 'Anytime Manufacturing', 'Steven', 'Universe', '2932 Edgewood Road', '71601', '(870) 952-4811')
INSERT INTO Customers VALUES (202, 'Gary''s Gears', 'Glenn', 'Ross', '1965 Parrill Court', '60601', '(219) 695-5692')
INSERT INTO Customers VALUES (203, 'Spindles N Such', 'Peter', 'Parker', '1254 Webster Street', '07071', '(732) 540-4732')
INSERT INTO Customers VALUES (204, 'Schmickle''s MFG', 'Otto', 'Octavius', '3002 Grant Street', '75670', '(903) 935-0082')
INSERT INTO Customers VALUES (205, 'Grinding Automotive', 'Mac', 'Gargan', '4149 Golden Street', '33143', '(305) 663-7984')
INSERT INTO Customers VALUES (206, 'Second Star Aerospace, LLC', 'Sam', 'Alexander', '4440 Ventura Drive', '95110', '(831) 274-9771');

INSERT INTO Employees VALUES (101, 'Kimberly', 'Hart', 'khart@pwrrangers.co', '766 Mount Street', '48607', '(269) 612-3288', 2, 1)
INSERT INTO Employees VALUES (102, 'William', 'Cranston', 'bcranston@pwrrangers.co', '3603 Summit Park Avenue', '48226', '(248) 613-2066', 2, 2)
INSERT INTO Employees VALUES (103, 'Zachary', 'Taylor', 'ztaylor@pwrrangers.co', '2226 Park Avenue', '48226', '(555) 555-3456', 2, 3)
INSERT INTO Employees VALUES (104, 'Trini', 'Kwan', 'tkwan@pwrrangers.co', '7564 Summit Park Avenue', '48226', '(555) 555-4567', 2, 4)
INSERT INTO Employees VALUES (105, 'Thomas', 'Oliver', 'toliver@pwrrangers.co', '3809 Wetzel Lane', '49503', '(555) 555-5678', 2, 5)
INSERT INTO Employees VALUES (106, 'Jason', 'Scott', 'jlscott@pwrrangers.co', '967 Front Street', '48075', '(555) 555-6789', 2, 7) 
INSERT INTO Employees VALUES (107, 'Zordon', 'Head', 'zhead@pwrangers.co', '3639 Front Street', '48302', '(555) 123-4567', 3, 6) 
INSERT INTO Employees VALUES (108, 'Alpha', 'Five', 'afive@pwrrangers.co', '3323 Bobcat Drive', '48302', '(555) 234-5678', 1, 1)
INSERT INTO Employees VALUES (109, 'Olivia', 'Dunham', 'odunham@pwrrangers.co', '3094 Lakeland Terrace', '48075', '(734) 319-6553', 1, 2)
INSERT INTO Employees VALUES (110, 'Peter', 'Bishop', 'pbishop@pwrrangers.co', '4698 West Street', '49503', '(555) 456-7890', 1, 4)
INSERT INTO Employees VALUES (111, 'Walter', 'Bishop', 'wbishop@pwrrangers.co', '2224 Amethyst Drive', '49242', '(517) 357-3713', 4, 5) 
INSERT INTO Employees VALUES (112, 'Astrid', 'Farnsworth', 'afarnsworth@pwrrangers.co', '1898 Cunningham Court', '48302', '(248) 707-9379', 1, 3)
INSERT INTO Employees VALUES (113, 'Lance', 'Reddick', 'lreddick@pwrrangers.co', '3485 Hart Ridge Road', '48607', '(989) 295-0358', 5, 7) 
INSERT INTO Employees VALUES (114, 'Philip', 'Broyles', 'pbroyles@pwrrangers.co', '3683 Don Jackson Lane', '48302', '(555) 789-0123', 6, 8);

INSERT INTO OnHoldItems VALUES (101, '9/5/2022', 202, 301, 113, '9/9/2022', 402)
INSERT INTO OnHoldItems VALUES (102, '9/5/2022', 202, 301, 113, '9/9/2022', 402)
INSERT INTO OnHoldItems VALUES (103, '9/7/2022', 205, 301, 113, '9/9/2022', 402)
INSERT INTO OnHoldItems VALUES (104, '9/9/2022', 206, 301, 113, '9/9/2022', 401)
INSERT INTO OnHoldItems VALUES (105, '9/12/2022', 201, 303, 108, '9/15/2022', 403)
INSERT INTO OnHoldItems VALUES (106, '9/16/2022', 203, 304, 101, '9/17/2022', 401)
INSERT INTO OnHoldItems VALUES (107, '9/19/2022', 204, 305, 102, '9/21/2022', 402)
INSERT INTO OnHoldItems VALUES (108, '9/20/2022', 204, 303, 106, '9/21/2022', 404)
INSERT INTO OnHoldItems VALUES (109, '9/22/2022', 203, 305, 106, '9/25/2022', 402)
INSERT INTO OnHoldItems VALUES (110, '9/22/2022', 205, 306, 106, '9/25/2022', 405)
INSERT INTO OnHoldItems VALUES (111, '9/28/2022', 206, 301, 108, NULL, NULL)
INSERT INTO OnHoldItems VALUES (112, '9/28/2022', 201, 303, 107, NULL, NULL);
*/
